ticker,status,reason,theme,setup,last_bar,close,ema20,ema50,ema200,rsi14,vol,vol_ma20,trigger,stop
MSFT,no_trade,kein Setup,,,,,,,,,,,,
AAPL,signal,,Consumer Tech,Trend-Pullback (EMA20 Reclaim),2026-09-30,333.0199890136719,331.14453213763903,322.76778178177636,293.4176853892121,54.389945862696514,49931500.0,42303870.0,Bestätigung: nächster Tag über Tageshoch ODER erneuter Close > EMA20 (331.14),Invalidation: Tagesschluss < 322.77 (unter EMA50/ATR)
AMZN,no_trade,kein Setup,,,,,,,,,,,,
GOOGL,no_trade,kein Setup,,,,,,,,,,,,
META,no_trade,kein Setup,,,,,,,,,,,,
NVDA,no_trade,kein Setup,,,,,,,,,,,,
AMD,no_trade,kein Setup,,,,,,,,,,,,
AVGO,no_trade,kein Setup,,,,,,,,,,,,
ASML,no_trade,kein Setup,,,,,,,,,,,,
TSM,no_trade,kein Setup,,,,,,,,,,,,
CRWD,no_trade,kein Setup,,,,,,,,,,,,
PANW,no_trade,kein Setup,,,,,,,,,,,,
FTNT,no_trade,kein Setup,,,,,,,,,,,,
ZS,no_trade,kein Setup,,,,,,,,,,,,
SYM,no_trade,kein Setup,,,,,,,,,,,,
ISRG,no_trade,kein Setup,,,,,,,,,,,,
TER,no_trade,kein Setup,,,,,,,,,,,,
ROK,no_trade,kein Setup,,,,,,,,,,,,
HON,no_trade,kein Setup,,,,,,,,,,,,
ABB,skip,zu wenig Daten,,,,,,,,,,,,
NEE,no_trade,kein Setup,,,,,,,,,,,,
FSLR,no_trade,kein Setup,,,,,,,,,,,,
ENPH,no_trade,kein Setup,,,,,,,,,,,,
LMT,no_trade,kein Setup,,,,,,,,,,,,
RTX,no_trade,kein Setup,,,,,,,,,,,,
LLY,no_trade,kein Setup,,,,,,,,,,,,
NVO,no_trade,kein Setup,,,,,,,,,,,,
